{
    "MSE": 92256434.0424607,
    "RMSE": 9605.021293181015,
    "MAE": 4136.318352270792,
    "MAPE": 47.55323865411057,
    "R2": 0.9803951366216962
}